query,overall,exact,seed,method
новая боровая,4246,674,новая боровая,expand
нова новая боровая,4246,0,новая боровая,expand
маяк минска,3613,88,маяк минска,expand
маяк минск,3613,75,маяк минска,expand
жк минск,3419,32,жк минск,expand
северный берег минск,2339,703,северный берег минск,expand
новостройки минск,1611,56,новостройки минск,expand
новостройки минска,1611,165,новостройки минск,expand
застройщик минск,1570,2,застройщик минск,expand
застройщики минска,1570,29,застройщик минск,expand
аренда помещения минск,1478,102,(точечная проверка),freq
жк вершина,870,283,жк вершина,expand
новая боровая купить,831,13,новая боровая,expand
квартиры от застройщика минск,754,6,застройщик минск,expand
жк уютный,698,255,жк уютный,expand
офис купить,683,20,офис купить,expand
купить офис,683,20,офис купить,expand
жк гулливер,591,252,жк гулливер,expand
жк минск купить,587,0,жк минск,expand
маяк акции минск,586,77,маяк минска,expand
северный берег минск купить,571,5,северный берег минск,expand
северный берег минск купить квартиру,552,221,северный берег минск,expand
маяк здоровья минск,550,59,маяк минска,expand
новая боровая минск,529,99,новая боровая,expand
маяк минска центр,486,0,маяк минска,expand
квартира в новой боровой,485,10,новая боровая,expand
новые квартиры в боровом,485,0,новая боровая,expand
купить новостройку в минске,477,34,новостройки минск,expand
квартиры в новостройках минска,476,2,новостройки минск,expand
маяк минск скидки,442,3,маяк минска,expand
жк минска купить квартиру,439,2,жк минск,expand
аренда офиса минск,438,85,(точечная проверка),freq
магазин маяк в минске,437,64,маяк минска,expand
маяк акции и скидки в минске,427,295,маяк минска,expand
жк левада,422,146,жк левада,expand
медицинский центр маяк минск,419,2,маяк минска,expand
жк вершина минск,399,257,жк минск,expand
маяк здоровья минск медицинский,383,1,маяк минска,expand
маяк минск центр здоровья,383,1,маяк минска,expand
маяк здоровья медицинский центр минск,381,336,маяк минска,expand
аренда помещений под минском,369,0,аренда помещения минск,expand
купить квартиру в минске новостройка,368,41,новостройки минск,expand
купить квартиру в новой боровой,358,175,новая боровая,expand
купить новую квартиру в боровом,358,0,новая боровая,expand
машиноместо купить,355,9,машиноместо купить,expand
купить машиноместо,355,9,машиноместо купить,expand
машиноместа купить,355,0,машиноместо купить,expand
жк андреевский,354,144,жк андреевский,expand
застройщик минск мир,347,11,застройщик минск,expand
коммерческая недвижимость минск,310,17,(точечная проверка),freq
маяк минск квартиры,302,7,маяк минска,expand
купить квартиру от застройщика в минском,285,0,застройщик минск,expand
купить квартиру в минске от застройщика,283,50,застройщик минск,expand
минск маяк купить,283,0,маяк минска,expand
купить помещение минск,278,14,(точечная проверка),freq
жк гулливер минск,277,210,жк минск,expand
бизнес апартаменты,275,6,бизнес апартаменты,expand
жк уютный минск,270,139,жк минск,expand
застройщик минск мир купить,270,0,застройщик минск,expand
новостройки минска от застройщика,243,22,новостройки минск,expand
жк на минском,238,0,жк минск,expand
купить офис минск,237,27,(точечная проверка),freq
маяк минск адреса,225,10,маяк минска,expand
квартиры в минске жк,224,0,жк минск,expand
квартира в северном береге минск,215,8,северный берег минск,expand
новая боровая минск квартиры,194,3,новая боровая,expand
купить помещение в минске,189,32,купить помещение минск,expand
машиноместо купить минск,172,10,(точечная проверка),freq
маяк минска купить квартиру,168,53,маяк минска,expand
минск новая боровая купить,165,2,новая боровая,expand
снять помещение в аренду в минске,158,52,аренда помещения минск,expand
жк андреевский минск,156,102,жк минск,expand
жк левада минск,153,55,жк минск,expand
минск мир купить квартиру у застройщика,151,117,застройщик минск,expand
северный берег минск на карте,148,71,северный берег минск,expand
бизнес апартаменты минск,146,1,(точечная проверка),freq
торговое помещение аренда,134,0,торговое помещение аренда,expand
аренда торговых помещений,134,6,торговое помещение аренда,expand
жк северный минск,130,1,жк минск,expand
жк берег минск,130,0,жк минск,expand
магазин маяк в минске адреса,130,51,маяк минска,expand
новостройки в минске купить от застройщика,129,14,новостройки минск,expand
минск мир квартиры от застройщика,125,5,застройщик минск,expand
боровая новые дома,125,0,новая боровая,expand
жк минск мир,124,28,жк минск,expand
северный берег минск купить квартиру от застройщика,124,74,застройщик минск,expand
бизнес апартаменты минск мир,122,26,бизнес апартаменты,expand
аренда помещения минск районы,122,0,аренда помещения минск,expand
жк северный берег минск,121,53,жк минск,expand
помещение под сто минск,120,5,(точечная проверка),freq
застройщики минска цены,118,0,застройщик минск,expand
жк вера минск,115,81,жк минск,expand
новая боровая снять квартиру,113,32,новая боровая,expand
работа маяк минска,113,0,маяк минска,expand
купить квартиру в новой боровой минск,110,64,новая боровая,expand
коммерческое помещение купить,107,11,коммерческое помещение купить,expand
купить коммерческое помещение,107,11,коммерческое помещение купить,expand
квартиры в новостройках минска от застройщиков,106,0,новостройки минск,expand
поликлиника новая боровая,103,29,новая боровая,expand
купить машиноместо в минске,102,48,машиноместо купить,expand
новая боровая копище,101,1,новая боровая,expand
паркинг купить минск,100,3,(точечная проверка),freq
карта минска жк,99,1,жк минск,expand
аренда помещений в минском районе,99,0,аренда помещения минск,expand
коммерческое помещение аренда,98,2,коммерческое помещение аренда,expand
аренда коммерческого помещения,98,5,коммерческое помещение аренда,expand
квартира жк левада,98,0,жк левада,expand
квартиры жк вершины,97,0,жк вершина,expand
новостройки в минске купить от застройщика квартиры,93,14,новостройки минск,expand
помещение под услуги минск,87,0,(точечная проверка),freq
жк левада купить,86,0,жк левада,expand
квартиры жк уютный,85,2,жк уютный,expand
помещение под магазин,84,0,помещение под магазин,expand
северный берег минск где,84,3,северный берег минск,expand
маяк минск вакансии,83,43,маяк минска,expand
жк уютный купить,83,0,жк уютный,expand
северный берег минск цены,79,4,северный берег минск,expand
район северный берег минск,78,15,северный берег минск,expand
квартиры от застройщика минск цены,77,0,застройщик минск,expand
вершина жк купить,77,0,жк вершина,expand
новостройки минск недорого,74,0,новостройки минск,expand
аренда сто минска помещений,74,0,аренда помещения минск,expand
снять в новой боровой,73,7,новая боровая,expand
жк вершина купить квартиру,73,13,жк вершина,expand
жк гулливер квартиры,72,1,жк гулливер,expand
аренда помещения под сто минск,70,15,(точечная проверка),freq
новостройки минска от застройщика в минске недорого,69,41,новостройки минск,expand
жк уютный купить квартиру,68,19,жк уютный,expand
район маяк минска,67,2,маяк минска,expand
жк кристалл минск,65,6,жк минск,expand
новостройки минска 2026,65,18,новостройки минск,expand
аренда помещений услуг минск,65,0,аренда помещения минск,expand
гху аренда помещений минск,64,57,аренда помещения минск,expand
жк гулливер купить,64,1,жк гулливер,expand
купить майкрософт офис,63,10,офис купить,expand
аренда коммерческой недвижимости в минске,63,41,коммерческая недвижимость минск,expand
северный берег минск где находится,63,17,северный берег минск,expand
жк дубравинский минск,61,42,жк минск,expand
аренда минск помещение под услуги,61,0,аренда помещения минск,expand
застройщик новой боровой,61,1,новая боровая,expand
аренда помещения под услуги минск,61,0,(точечная проверка),freq
маршрутка новая боровая,60,0,новая боровая,expand
минск маяк цены,60,0,маяк минска,expand
аренда торгового помещения минск,60,3,(точечная проверка),freq
жк вершина минск купить,58,2,жк минск,expand
рассрочка от застройщика минск,58,11,застройщик минск,expand
новая боровая продажа,58,2,новая боровая,expand
застройщики минска продажа квартир,57,0,застройщик минск,expand
аренда производственных помещений в минске,57,26,аренда помещения минск,expand
жк левада минск купить,56,1,жк минск,expand
аренда помещения под магазин,55,3,помещение под магазин,expand
жк вершина минск купить квартиру,55,41,жк минск,expand
жк мост минск,55,44,жк минск,expand
жк фарфоровый минск,55,33,жк минск,expand
жк гранд кристалл минск,55,46,жк минск,expand
4 жк минск,54,23,жк минск,expand
аренда помещения сфера услуг минск,54,0,аренда помещения минск,expand
жк депо минск,53,21,жк минск,expand
жк минска отзывы,53,0,жк минск,expand
новостройка минск мир,53,1,новостройки минск,expand
зеленая гавань минск купить квартиру от застройщика,53,52,застройщик минск,expand
кладовая купить,53,0,кладовая купить,expand
купить кладовую,53,0,кладовая купить,expand
маяк минск время работы,53,24,маяк минска,expand
маяк минска на карте,52,7,маяк минска,expand
камера для офиса купить,51,0,офис купить,expand
аренда помещений производство минск,51,0,аренда помещения минск,expand
снять помещение под аренду минск,51,0,аренда помещения минск,expand
нежилое помещение в жилом доме,51,0,нежилое помещение в жилом доме,expand
нежилые помещения в жилом доме,51,0,нежилое помещение в жилом доме,expand
новая боровая новый квартал,51,0,новая боровая,expand
новая боровая квартиры от застройщика,51,0,новая боровая,expand
новая боровая купить квартиру от застройщика,51,30,новая боровая,expand
северный берег минск план,51,11,северный берег минск,expand
помещение под кафе,50,0,помещение под кафе,expand
жк минск зеленый,50,0,жк минск,expand
минск стоимость новостроек,50,0,новостройки минск,expand
акции в магазинах минска маяк,50,8,маяк минска,expand
купить квартиру в жк левада,50,9,жк левада,expand
жк маяк минска,49,4,жк минск,expand
автобусы новая боровая,49,1,новая боровая,expand
томография новая боровая,49,11,новая боровая,expand
купить ключ офис,48,3,офис купить,expand
купить коммерческую недвижимость в минске,48,30,коммерческая недвижимость минск,expand
работа в новой боровой,48,29,новая боровая,expand
медцентр маяк минска,48,0,маяк минска,expand
работа магазина маяк минск,48,0,маяк минска,expand
квадратный метр в новостройке минска,47,0,новостройки минск,expand
аренда помещений в минске под сферу,47,0,аренда помещения минск,expand
аренда помещений в минске под сферу услуг,47,25,аренда помещения минск,expand
новая боровая расписание,46,0,новая боровая,expand
школа 2 новая боровая,46,6,новая боровая,expand
нежилое помещение купить,45,0,нежилое помещение купить,expand
купить нежилое помещение,45,0,нежилое помещение купить,expand
аренда помещения под производство в минске,45,12,аренда помещения минск,expand
новая боровая районы,45,0,новая боровая,expand
маяк минск каталог,45,1,маяк минска,expand
аренда помещения фрунзенский район,45,1,(точечная проверка),freq
аренда помещения уручье,45,10,(точечная проверка),freq
жк гулливер минск купить,44,0,жк минск,expand
жк от застройщика минск,44,0,жк минск,expand
продажа новостройки минск,44,0,новостройки минск,expand
аренда торговых помещений в минске,43,11,торговое помещение аренда,expand
жк гулливер минск купить квартиру,43,34,жк минск,expand
уручье новая боровая,43,1,новая боровая,expand
минск маяк сегодня,43,0,маяк минска,expand
помещение под склад минск,43,0,(точечная проверка),freq
жк уютный минск купить,42,3,жк минск,expand
застройщик айрон минск,42,26,застройщик минск,expand
купить машиноместо дзержинский,42,0,машиноместо купить,expand
встроенное помещение,42,0,встроенное помещение,expand
встраиваемые помещения,42,0,встроенное помещение,expand
новая боровая на карте,42,12,новая боровая,expand
северный берег минск фото,42,12,северный берег минск,expand
маяк г минск,42,0,маяк минска,expand
помещение под магазин минск,41,2,(точечная проверка),freq
сад новая боровая,41,1,новая боровая,expand
магазин маяк минск карта,41,1,маяк минска,expand
районы жк минск,40,0,жк минск,expand
жк смарт минск,40,28,жк минск,expand
жк андреевский купить,40,0,жк андреевский,expand
жк челюскинцев минск,39,0,жк минск,expand
застройщик мапид минск,39,1,застройщик минск,expand
купить помещение под минском,39,0,купить помещение минск,expand
аренда помещения город минск,38,0,аренда помещения минск,expand
кафе новая боровая,38,8,новая боровая,expand
застройка северный берег минск,38,2,северный берег минск,expand
маяк 2 минск,38,1,маяк минска,expand
медцентр маяк здоровья минск,38,16,маяк минска,expand
жк андреевский квартиры,38,0,жк андреевский,expand
жк уютный минск купить квартиру,37,29,жк минск,expand
застройщики минска долевое,37,0,застройщик минск,expand
застройщики минска долевое строительство,37,6,застройщик минск,expand
где новая боровая,37,1,новая боровая,expand
маяк каталог товаров минск,37,0,маяк минска,expand
жк вершина где,37,0,жк вершина,expand
жк андреевский купить квартиру,37,7,жк андреевский,expand
жк парк челюскинцев минск,36,7,жк минск,expand
квартира в минске в рассрочку от застройщика,36,2,застройщик минск,expand
аренда помещения минск мир,36,11,(точечная проверка),freq
жк солнечный минск,35,23,жк минск,expand
жк мински квартал,35,0,жк минск,expand
лошица новая боровая,35,0,новая боровая,expand
маршрутка новая боровая лошица,35,12,новая боровая,expand
маяк минска клиника,35,9,маяк минска,expand
снять квартиру жк минск,34,0,жк минск,expand
жк тв 65 дюймов купить в минске,34,34,жк минск,expand
магазины новой боровой,34,0,новая боровая,expand
микрорайон северный берег минск,34,2,северный берег минск,expand
северный берег минск сайт,34,2,северный берег минск,expand
аренда помещения заводской район,34,1,(точечная проверка),freq
аренда коммерческих помещений минск,33,10,коммерческое помещение аренда,expand
жк лазурит минск,33,22,жк минск,expand
жк пирс минск,33,15,жк минск,expand
квартиры в жк левада минск,33,0,жк минск,expand
новостройки в минском районе,33,2,новостройки минск,expand
новая школа в боровом,33,0,новая боровая,expand
школа в новой боровой,33,6,новая боровая,expand
план застройки северный берег минск,33,24,северный берег минск,expand
продажа коммерческой недвижимости минск,33,3,(точечная проверка),freq
купить квартиру в жк левада минск,32,26,жк минск,expand
жк мармелад минск,32,16,жк минск,expand
купить новостройку в минске недорого,32,0,новостройки минск,expand
стоимость квадратного метра в минске в новостройке,32,6,новостройки минск,expand
акция маяк минск сегодня,32,0,маяк минска,expand
маяк акции и скидки в минске сегодня,32,20,маяк минска,expand
снять квартиру длительно маяк минска,32,0,маяк минска,expand
купить коммерческое помещение минск,31,7,коммерческое помещение купить,expand
торговое помещение купить,31,1,торговое помещение купить,expand
купить торговое помещение,31,1,торговое помещение купить,expand
недорогие квартиры в минске купить новостройки,31,0,новостройки минск,expand
недорогие квартиры в новостройках минска,31,0,новостройки минск,expand
новая боровая доехать,31,0,новая боровая,expand
где маяк минска,31,0,маяк минска,expand
квартиры новостройки минск мир,30,0,новостройки минск,expand
квартира от застройщика мапид в минске,30,0,застройщик минск,expand
дзержинского 122 машиноместо купить,30,30,машиноместо купить,expand
новая боровая цены,30,0,новая боровая,expand
аренда помещения под кафе,29,1,помещение под кафе,expand
жк петровские верфи минск,29,16,жк минск,expand
жк каскад минск,29,12,жк минск,expand
жк соколиный край минск,29,27,жк минск,expand
купить новостройку минск мир,29,1,новостройки минск,expand
застройщик сайт минск,29,0,застройщик минск,expand
новая боровая фото,29,5,новая боровая,expand
новая боровая план,29,2,новая боровая,expand
северный берег какой район минска,29,15,северный берег минск,expand
квартал северный берег минск,29,6,северный берег минск,expand
маяк магазин каталог минск,29,3,маяк минска,expand
маяк пицца минск,29,13,маяк минска,expand
скидки в магазине маяк в минске,29,7,маяк минска,expand
где находится жк вершина,29,6,жк вершина,expand
аренда помещения московский район,29,2,(точечная проверка),freq
купить камеру для офиса минск,28,28,офис купить,expand
жк андреевский минск купить,28,0,жк минск,expand
жк вершина минск где,28,2,жк минск,expand
квартиры в новостройках минска от застройщика недорого,28,0,новостройки минск,expand
квартиры от застройщика в минске недорого,28,0,застройщик минск,expand
мапид продажа квартир в минске от застройщика,28,21,застройщик минск,expand
аренда помещения под парикмахерскую в минске,28,2,аренда помещения минск,expand
паркинг новая боровая,28,6,новая боровая,expand
квартиры на длительный срок маяк минска,28,0,маяк минска,expand
жк северный минск купить квартиру,27,0,жк минск,expand
отделка в новостройке минск,27,0,новостройки минск,expand
аренда помещения минск фрунзенский,27,0,аренда помещения минск,expand
аренда помещения минск фрунзенский район,27,0,аренда помещения минск,expand
новая боровая аренда,27,0,новая боровая,expand
северный берег минск официальный сайт,27,14,северный берег минск,expand
маяк минска улицы,27,0,маяк минска,expand
самый большой маяк в минске,27,12,маяк минска,expand
минск маяк узи,27,1,маяк минска,expand
помещения под кафе минск,26,0,помещение под кафе,expand
жк зеленая гавань минск,26,12,жк минск,expand
квартира жк минск мир,26,0,жк минск,expand
купить квартиру андреевский жк минск,26,21,жк минск,expand
минск 2026 год новостройка,26,0,новостройки минск,expand
аренда помещений минск магазин,26,0,аренда помещения минск,expand
детские сады новая боровая,26,0,новая боровая,expand
северный берег минск строительство,26,5,северный берег минск,expand
северный берег минск вакансии,26,15,северный берег минск,expand
маяк магазин минск каталог товаров,26,16,маяк минска,expand
режим работы маяк минск,26,2,маяк минска,expand
аренда помещения под магазин минск,26,3,(точечная проверка),freq
помещение под кафе минск,26,0,(точечная проверка),freq
жк минск купить квартиру от застройщика,25,0,жк минск,expand
однокомнатная новостройка минск,25,0,новостройки минск,expand
купить квартиру минск мир новостройка,25,6,новостройки минск,expand
квартиры в новостройках в минском районе,25,0,новостройки минск,expand
2 комнатная квартира в минске новостройка,25,0,новостройки минск,expand
коммерческая недвижимость в минском районе,25,0,коммерческая недвижимость минск,expand
аренда офисных помещений в минске,25,5,аренда помещения минск,expand
снять помещение в аренду минском районе,25,0,аренда помещения минск,expand
авиационная новая боровая,25,1,новая боровая,expand
расписание маршруток новая боровая,25,0,новая боровая,expand
новая боровая метро,25,0,новая боровая,expand
д копище новая боровая,25,0,новая боровая,expand
боровое отзывы новые,25,0,новая боровая,expand
офис северного берега минск,25,0,северный берег минск,expand
кафе маяк минск,25,6,маяк минска,expand
жк северный берег минск купить,24,0,жк минск,expand
жк северный берег минск купить квартиру,24,13,жк минск,expand
новые жк в минске,24,4,жк минск,expand
недвижимость новостройка минске,24,0,новостройки минск,expand
продажа квартир в минске новостройки,24,2,новостройки минск,expand
рассрочка от застройщика минск купить квартиру,24,0,застройщик минск,expand
купить кладовую минск,24,2,кладовая купить,expand
маяк минск отзывы,24,0,маяк минска,expand
помещение в жилом доме минск,24,0,(точечная проверка),freq
кладовая купить минск,24,2,(точечная проверка),freq
какой офис купить,23,0,офис купить,expand
помещение свободного назначения,23,1,помещение свободного назначения,expand
жк вера минск аукцион,23,20,жк минск,expand
цены на новостройки в минске,23,0,новостройки минск,expand
купить новостройку 1 квартиру в минске,23,0,новостройки минск,expand
новостройка бай минск,23,0,новостройки минск,expand
прометр бай новостройки минск,23,0,новостройки минск,expand
прометр бай новостройки минск купить,23,23,новостройки минск,expand
прометр новостройки минск,23,0,новостройки минск,expand
купить в новостройке минск 1 комнатную,23,0,новостройки минск,expand
купить новостройку в минском районе,23,0,новостройки минск,expand
застройщики минск официальный сайт,23,0,застройщик минск,expand
квартиры грушевка минск от застройщика,23,1,застройщик минск,expand
что такое бизнес апартаменты,23,13,бизнес апартаменты,expand
на аренда помещения город минске для торговли,23,23,аренда помещения минск,expand
аренда нежилого помещения минск,23,0,аренда помещения минск,expand
bc by аренда помещений минск,23,21,аренда помещения минск,expand
маяк магазин вакансии минск,23,13,маяк минска,expand
жк вершина отзывы,23,9,жк вершина,expand
жк уютный на карте,23,4,жк уютный,expand
жк комфорт минск,22,0,жк минск,expand
жк комфорт парк минск,22,9,жк минск,expand
ремонт новостройки минске,22,0,новостройки минск,expand
мапид новостройки минск,22,2,новостройки минск,expand
купить 2 комнатную новостройку в минске,22,0,новостройки минск,expand
купить 1 комнатную квартиру в минске новостройки,22,0,новостройки минск,expand
квартира от застройщика с отделкой минск,22,0,застройщик минск,expand
северный берег минск офис продаж,22,21,северный берег минск,expand
погода минск северный берег,22,21,северный берег минск,expand
купить ключ майкрософт офис,21,4,офис купить,expand
жк вершина минск где находится,21,20,жк минск,expand
жк зеленый бор минск,21,12,жк минск,expand
купить квартиру новостройку в минском районе,21,0,новостройки минск,expand
помещение первый этаж,20,0,помещение первый этаж,expand
помещения первого этажа,20,0,помещение первый этаж,expand
купить офис 365,20,3,офис купить,expand
жк парус минск,20,8,жк минск,expand
строящиеся жк в минске,20,6,жк минск,expand
жк уютный минск отзывы,20,20,жк минск,expand
минск новостройки однокомнатная квартира,20,0,новостройки минск,expand
квартиры в минске районе новостройке,20,0,новостройки минск,expand
аренда кафе минск помещения,20,0,аренда помещения минск,expand
аренда помещения минск заводской район,20,2,аренда помещения минск,expand
аренда государственных помещений минск,20,11,аренда помещения минск,expand
жк уютный отзывы,20,0,жк уютный,expand
аренда помещения лошица,20,3,(точечная проверка),freq
жк в минском районе,19,0,жк минск,expand
новостройка минск степана злобина,19,9,новостройки минск,expand
дешевые новостройки минск,19,0,новостройки минск,expand
сколько стоит новостройка в минске,19,0,новостройки минск,expand
новостройка грушевка минск,19,0,новостройки минск,expand
жилой комплекс северный берег минск,19,5,северный берег минск,expand
жк телевизор минск,18,0,жк минск,expand
жк уютный на карте минска,18,11,жк минск,expand
жк возле минска,18,0,жк минск,expand
жилье в новостройке в минске,18,0,новостройки минск,expand
грушевка минск купить квартиру от застройщика,18,0,застройщик минск,expand
застройщики жилья минск,18,0,застройщик минск,expand
купить машиноместо монюшко 6 минск,18,15,машиноместо купить,expand
аренда производственных помещений в минском районе,18,5,аренда помещения минск,expand
аренда производственных помещений минск минский район,18,0,аренда помещения минск,expand
минск мир купить помещение,18,5,купить помещение минск,expand
парк северный берег минск,18,3,северный берег минск,expand
купить помещение минск мир,18,5,(точечная проверка),freq
аренда помещения под кафе минск,18,0,(точечная проверка),freq
купить мебель для офиса,17,5,офис купить,expand
жк матвеевский минск,17,8,жк минск,expand
двери новостройка минск,17,0,новостройки минск,expand
новостройки за минском,17,0,новостройки минск,expand
цена на недвижимость в минске новостройки,17,17,новостройки минск,expand
куплю бизнес апартаменты,17,0,бизнес апартаменты,expand
встроенные общественные помещения,17,0,встроенное помещение,expand
снять квартиру в северном береге минск,17,7,северный берег минск,expand
дом северный берег минск,17,0,северный берег минск,expand
жк уютный цены,17,2,жк уютный,expand
аренда помещений в минске под кафе,16,10,помещение под кафе,expand
помещение под салон красоты,16,0,помещение под салон красоты,expand
помещений под салон красоты,16,0,помещение под салон красоты,expand
купить офис центр,16,0,офис купить,expand
ремонт жк в минске,16,0,жк минск,expand
цена метра новостройки в минске,16,0,новостройки минск,expand
новостройки минска на карте,16,6,новостройки минск,expand
новостройки минска 2027,16,9,новостройки минск,expand
аренда офис минск аренда помещений,16,0,аренда помещения минск,expand
застройщик жк вершина,16,2,жк вершина,expand
жк вершины на карте,16,0,жк вершина,expand
помещение под общепит минск,16,0,(точечная проверка),freq
аренда помещений в минске под магазин,15,5,помещение под магазин,expand
сниму торговое помещение в аренду,15,0,торговое помещение аренда,expand
куплю офис недорого,15,0,офис купить,expand
жк маэстро минск,15,11,жк минск,expand
купить новостройку минск однокомнатную,15,0,новостройки минск,expand
минск купить однокомнатную квартиру новостройку,15,0,новостройки минск,expand
застройщик депо минск,15,3,застройщик минск,expand
купить машиноместо в паркинге,15,0,машиноместо купить,expand
минск помещение аренда центр,15,0,аренда помещения минск,expand
купить помещение под сто минск,15,3,(точечная проверка),freq
помещение под автомойку минск,15,3,(точечная проверка),freq
аренда помещения под склад минск,15,0,(точечная проверка),freq
купить компьютер для офиса,14,1,офис купить,expand
жк г минска,14,0,жк минск,expand
сколько жк в минске,14,0,жк минск,expand
жк грушевка минск,14,5,жк минск,expand
жк олимпик минск,14,1,жк минск,expand
жк восток минск,14,1,жк минск,expand
жк дубравинский минск купить,14,1,жк минск,expand
квартиры новостройки минск цена,14,0,новостройки минск,expand
купить новостройку грушевка минск,14,0,новостройки минск,expand
купить машиноместо в минске мир,14,13,машиноместо купить,expand
северный берег минск работа,14,2,северный берег минск,expand
жк вершина многофункциональный жилой комплекс,14,6,жк вершина,expand
кладовые минск мир,14,0,(точечная проверка),freq
коммерческая недвижимость от застройщика,13,2,(точечная проверка),freq
купить коммерческое помещение от застройщика,13,0,коммерческое помещение купить,expand
договор аренды коммерческого помещения,13,1,коммерческое помещение аренда,expand
купить офис гомель,13,0,офис купить,expand
купить офис брест,13,0,офис купить,expand
жк vogue минск,13,3,жк минск,expand
жк каскад минск купить,13,0,жк минск,expand
минск жк олимпик парк,13,5,жк минск,expand
ремонт квартир новостройках минска,13,0,новостройки минск,expand
двухкомнатные квартиры в новостройках в минске,13,0,новостройки минск,expand
продажа новостроек в минске от застройщика,13,0,новостройки минск,expand
дана застройщик минск,13,1,застройщик минск,expand
адреса застройщиков минска,13,6,застройщик минск,expand
купить машиноместо нововиленская 39,13,13,машиноместо купить,expand
аренда коммерческой недвижимости в минском районе,13,11,коммерческая недвижимость минск,expand
продажа коммерческой недвижимости в минске,13,5,коммерческая недвижимость минск,expand
аренда помещения минск и минский район,13,0,аренда помещения минск,expand
аренда помещения общепит минск,13,1,аренда помещения минск,expand
генплан северный берег минск,13,6,северный берег минск,expand
жк левада фото,13,1,жк левада,expand
жк вершина цены,13,1,жк вершина,expand
жк уютный таунхаусы,13,3,жк уютный,expand
коммерческая недвижимость северный берег,13,2,(точечная проверка),freq
снять помещение под магазин,12,0,помещение под магазин,expand
купить камеру для офиса брест,12,12,офис купить,expand
купить ключ офис 365,12,3,офис купить,expand
жк гранд вилладж минск,12,7,жк минск,expand
жк триумф минск,12,3,жк минск,expand
жк минск мир купить,12,0,жк минск,expand
жк гранд кристал минск,12,1,жк минск,expand
жк веар минск,12,11,жк минск,expand
жк северный берег минск на карте,12,4,жк минск,expand
купить квартиру новостройка минск грушевка,12,0,новостройки минск,expand
купить новостройку с ремонтом минск,12,0,новостройки минск,expand
уксы минска новостройки,12,0,новостройки минск,expand
дешевые новостройки в минске купить,12,0,новостройки минск,expand
застройщик северный берег минск официальный,12,2,застройщик минск,expand
купить помещение в минском районе,12,0,купить помещение минск,expand
северный берег минск цены на квартиры,12,5,северный берег минск,expand
жк левада застройщик,12,0,жк левада,expand
коттеджи жк уютный,12,2,жк уютный,expand
аренда помещения малиновка,12,1,(точечная проверка),freq
купить нежилое помещение в минске,11,7,нежилое помещение купить,expand
купить дом офис,11,0,офис купить,expand
купить диван в офис,11,1,офис купить,expand
куплю под офис,11,0,офис купить,expand
купить камеру для офиса гомель,11,11,офис купить,expand
купить кресло для офиса,11,2,офис купить,expand
квартиры в жк челюскинцев парк минск,11,0,жк минск,expand
жк минска список,11,2,жк минск,expand
жк минск мир купить квартиру,11,1,жк минск,expand
жк вершина минск на карте,11,6,жк минск,expand
жк тв 55 дюймов купить в минске,11,11,жк минск,expand
приемка новостройки в минске,11,0,новостройки минск,expand
минск новостройки фото,11,0,новостройки минск,expand
новостройки минск мир от застройщика,11,0,новостройки минск,expand
стоимость квартир в минске в новостройках,11,4,новостройки минск,expand
купить двухкомнатную в минске в новостройке,11,0,новостройки минск,expand
куплю двухкомнатную квартиру в новостройке минск,11,0,новостройки минск,expand
стоимость жилья в минске новостройки,11,0,новостройки минск,expand
новая квартира в минске от застройщика,11,0,застройщик минск,expand
минск мир квартиры от застройщика цены,11,0,застройщик минск,expand
застройщик новой боровой минск,11,0,застройщик минск,expand
минск боровая застройщика,11,0,застройщик минск,expand
купить квартиру в минске от застройщика цены,11,5,застройщик минск,expand
коммуналка минск мир бизнес апартаменты,11,7,бизнес апартаменты,expand
что значит бизнес апартаменты,11,5,бизнес апартаменты,expand
аренда гос помещений в минске,11,10,аренда помещения минск,expand
аренда помещений под общепит минск,11,0,аренда помещения минск,expand
купить помещение под сто в минске,11,5,купить помещение минск,expand
купить производственное помещение в минске,11,2,купить помещение минск,expand
северный берег минск стоимость,11,0,северный берег минск,expand
северный берег минск рассрочка,11,5,северный берег минск,expand
купить квартиру в жк гулливер,11,1,жк гулливер,expand
жк уютный застройщик,11,1,жк уютный,expand
аренда помещения серебрянка,11,1,(точечная проверка),freq
аренда помещения северный берег,11,0,(точечная проверка),freq
аренда помещения под общепит минск,11,4,(точечная проверка),freq
сниму помещение в аренду под магазин,10,0,помещение под магазин,expand
где купить офис,10,0,офис купить,expand
какие гры купить в офис,10,10,офис купить,expand
купить бумагу для офиса,10,0,офис купить,expand
жк на нововиленской минск,10,7,жк минск,expand
жк под минском,10,0,жк минск,expand
купить квартиру в минске жк парк челюскинцев,10,5,жк минск,expand
жк вивальди минск,10,6,жк минск,expand
жк фарфоровый минск купить,10,0,жк минск,expand
квартиры в новостройках минска без посредников,10,0,новостройки минск,expand
купить квартиру минске без посредников новостройку,10,0,новостройки минск,expand
купить новостройку минске без посредников,10,0,новостройки минск,expand
новостройки минска без посредников,10,0,новостройки минск,expand
продажа квартир в минске новостройки от застройщика,10,0,новостройки минск,expand
жилые новостройки минска,10,0,новостройки минск,expand
приемка квартиры в новостройке минск,10,6,новостройки минск,expand
купить квартиру минск новостройка с ремонтом,10,0,новостройки минск,expand
застройщики минска кредит,10,0,застройщик минск,expand
недвижимость минск застройщики,10,0,застройщик минск,expand
минск мир сайт застройщика,10,1,застройщик минск,expand
застройщик вершина минск,10,0,застройщик минск,expand
застройщик жк вершины минск,10,0,застройщик минск,expand
застройщики домов в минске,10,0,застройщик минск,expand
бизнес апартаменты минск отзывы,10,0,бизнес апартаменты,expand
бизнес апартаменты рб,10,0,бизнес апартаменты,expand
стеллаж в кладовую купить в минске,10,9,кладовая купить,expand
аренда помещения кульман 1 8 минск,10,10,аренда помещения минск,expand
нежилые помещения в жилых многоквартирных домах,10,0,нежилое помещение в жилом доме,expand
жк вершина адрес,10,6,жк вершина,expand
жк уютный дом,10,1,жк уютный,expand
аренда помещения сухарево,10,1,(точечная проверка),freq
аренда помещения под салон красоты,9,1,помещение под салон красоты,expand
сколько стоит квартира в минске новостройка,9,1,новостройки минск,expand
дешевые новостройки минска от застройщика,9,0,новостройки минск,expand
купить новостройку в минске от застройщика дешево,9,9,новостройки минск,expand
отделка квартир в новостройке минск,9,0,новостройки минск,expand
минск мир продажа от застройщика,9,0,застройщик минск,expand
мир минск продажа квартир от застройщика,9,7,застройщик минск,expand
застройщик северный берег минск официальный сайт,9,0,застройщик минск,expand
застройщик минск мир официальный,9,0,застройщик минск,expand
минск мир официальный сайт застройщика,9,2,застройщик минск,expand
акции застройщиков минск,9,0,застройщик минск,expand
новые квартиры в минске от застройщика купить,9,1,застройщик минск,expand
бизнес апартаменты в минск мире отзывы,9,7,бизнес апартаменты,expand
машиноместа купить москва,9,0,машиноместо купить,expand
аренда складского помещения минск,9,3,аренда помещения минск,expand
аренда нежилых помещения под парикмахерскую в минске,9,5,аренда помещения минск,expand
аренда помещения для съемки минск большое,9,6,аренда помещения минск,expand
перепланировка нежилых помещений в жилых домах,9,0,нежилое помещение в жилом доме,expand
встроенное жилое помещение,9,0,встроенное помещение,expand
продажа квартиры северный берег минск,9,0,северный берег минск,expand
северный берег минск на карте где находится,9,8,северный берег минск,expand
жк левада карта,9,0,жк левада,expand
жк левада цены,9,0,жк левада,expand
купить помещение заводской район,9,0,(точечная проверка),freq
аренда помещения октябрьский район,9,2,(точечная проверка),freq
коммерческая недвижимость уручье,9,0,(точечная проверка),freq
помещение под офис минск,9,0,(точечная проверка),freq
коммерческое помещение от застройщика минск,9,0,(точечная проверка),freq
коммерческое помещение купить уручье,8,8,коммерческое помещение купить,expand
торговое помещение под магазин,8,1,помещение под магазин,expand
снять торговое помещение в аренду в минске,8,7,торговое помещение аренда,expand
купить столы для офиса,8,0,офис купить,expand
купить здание офис,8,0,офис купить,expand
купить активацию офис,8,0,офис купить,expand
купить офис 2021,8,0,офис купить,expand
купить офис в москве,8,0,офис купить,expand
аренда помещения свободного назначения,8,0,помещение свободного назначения,expand
новостройки под минском,8,3,новостройки минск,expand
улица волгоградская минск новостройка,8,7,новостройки минск,expand
а100 застройщик минск,8,1,застройщик минск,expand
застройщик минске гулливер,8,0,застройщик минск,expand
жк левада минск купить квартиру от застройщика,8,8,застройщик минск,expand
квартиры новая боровая минск от застройщика,8,0,застройщик минск,expand
новая боровая минск купить квартиру от застройщика,8,8,застройщик минск,expand
квартиры минск мир купить от застройщика цены,8,2,застройщик минск,expand
рассрочка от застройщика минск мир,8,0,застройщик минск,expand
застройщик дана холдинг минск,8,7,застройщик минск,expand
застройщики г минск,8,3,застройщик минск,expand
купить квартиру от застройщика бир бай минск,8,8,застройщик минск,expand
какой бизнес в апартаментах,8,0,бизнес апартаменты,expand
купить машиноместо минск фрунзенский район,8,2,машиноместо купить,expand
купить офисное помещение в минске,8,6,купить помещение минск,expand
со встроенными помещениями,8,0,встроенное помещение,expand
помещение в новом доме,8,0,помещение в новом доме,expand
купить квартиру в минске северный берег цена,8,2,северный берег минск,expand
жк левада минск на карте,8,3,жк левада,expand
жк вершина минск отзывы,8,8,жк вершина,expand
жк уютный новоселье,8,1,жк уютный,expand
жк андреевский отзывы,8,2,жк андреевский,expand
купить помещение уручье,8,0,(точечная проверка),freq
аренда помещения под автомойку минск,8,1,(точечная проверка),freq
коммерческая недвижимость от застройщика в минске,7,6,коммерческая недвижимость от застройщика,expand
купить квартиру нежилое помещение,7,0,нежилое помещение купить,expand
купить нежилое помещение химки,7,0,нежилое помещение купить,expand
куплю квартиру под нежилое помещение,7,0,нежилое помещение купить,expand
куплю помещения под нежилой,7,0,нежилое помещение купить,expand
купить коммерческое помещение от застройщика минск,7,2,коммерческое помещение купить,expand
помещение под магазин одежды,7,0,помещение под магазин,expand
купить помещение под салон красоты,7,0,помещение под салон красоты,expand
нежилое помещение под салон красоты,7,0,помещение под салон красоты,expand
купить майкрософт офис в минске,7,6,офис купить,expand
купить бу мебель для офиса,7,0,офис купить,expand
офис лицензия купить,7,0,офис купить,expand
новостройки минск покупка,7,0,новостройки минск,expand
минск новостройки дома,7,0,новостройки минск,expand
застройщики минск 2026,7,0,застройщик минск,expand
укс минск застройщик,7,0,застройщик минск,expand
купить бизнес апартаменты в минске,7,5,бизнес апартаменты,expand
продажа бизнес апартаментов,7,0,бизнес апартаменты,expand
купить машиноместо в жк,7,0,машиноместо купить,expand
машиноместа в жк купить,7,0,машиноместо купить,expand
продажа коммерческой недвижимости уручье минск,7,7,коммерческая недвижимость минск,expand
минск мир коммерческая недвижимость,7,0,коммерческая недвижимость минск,expand
купить коммерческую недвижимость в минском районе,7,5,коммерческая недвижимость минск,expand
аренда помещения маяк минска,7,2,аренда помещения минск,expand
аукцион аренда помещений в минске,7,7,аренда помещения минск,expand
ремонт нежилых помещений в жилом доме,7,0,нежилое помещение в жилом доме,expand
переустройство нежилого помещения в жилом доме,7,0,нежилое помещение в жилом доме,expand
перевести жилой дом в нежилое помещение,7,0,нежилое помещение в жилом доме,expand
встроенные помещения производственных зданий,7,0,встроенное помещение,expand
встроенные производственные помещения,7,0,встроенное помещение,expand
встроенных помещений в зданиях,7,0,встроенное помещение,expand
северный берег минск сегодня,7,2,северный берег минск,expand
микрорайон северный берег минск на карте,7,2,северный берег минск,expand
жк северный берег минск официальный,7,0,северный берег минск,expand
жк северный берег минск официальный сайт,7,1,северный берег минск,expand
северный берег минск кредит,7,0,северный берег минск,expand
район северный берег минск на карте,7,3,северный берег минск,expand
жк левада отзывы,7,0,жк левада,expand
жк вершина стоимость,7,0,жк вершина,expand
жк вершина минск цены,7,1,жк вершина,expand
квартиры в минске жк вершина,7,0,жк вершина,expand
аренда помещения каменная горка,7,0,(точечная проверка),freq
коммерческая недвижимость минск мир,7,0,(точечная проверка),freq
купить помещение от застройщика минск,7,0,(точечная проверка),freq
купить нежилое помещение москва,6,0,нежилое помещение купить,expand
купить коммерческое помещение в смолевическом рн,6,6,коммерческое помещение купить,expand
стоимость аренды коммерческого помещения,6,0,коммерческое помещение аренда,expand
услуги аренды коммерческих помещений,6,0,коммерческое помещение аренда,expand
аренда помещений первый этаж,6,0,помещение первый этаж,expand
снять помещение под магазин минск,6,2,помещение под магазин,expand
аренда помещения под магазин московский,6,0,помещение под магазин,expand
помещение под магазин московский,6,0,помещение под магазин,expand
аренда помещения в торговом центре,6,0,торговое помещение аренда,expand
купить офис майкрософт для виндовс,6,0,офис купить,expand
купить офис в минске плаза,6,6,офис купить,expand
офис купить помещение,6,0,офис купить,expand
купить офис в центре минска,6,5,офис купить,expand
купить сервер для офиса,6,5,офис купить,expand
купить диван кожзам офис,6,6,офис купить,expand
купить ключ активации офис,6,1,офис купить,expand
купить офис 2024,6,0,офис купить,expand
купить офис на макбук,6,3,офис купить,expand
офисе 10 купить,6,0,офис купить,expand
новые новостройки минск,6,0,новостройки минск,expand
самые дешевые новостройки минска,6,3,новостройки минск,expand
новостройки в рассрочку минск,6,0,новостройки минск,expand
лучшие новостройки минска,6,2,новостройки минск,expand
минск 2026 год новостройка панелька трешка,6,6,новостройки минск,expand
готовые квартиры от застройщика минск,6,0,застройщик минск,expand
застройщики минска список,6,2,застройщик минск,expand
крупные застройщики минска,6,6,застройщик минск,expand
государственные застройщики минск,6,2,застройщик минск,expand
купить кладовые помещения,6,0,кладовая купить,expand
кладовая солнца купить,6,0,кладовая купить,expand
книга кладовая солнца купить в минске,6,6,кладовая купить,expand
коммерческая недвижимость в северном береге минск,6,6,коммерческая недвижимость минск,expand
аренда помещения под автомойку в минске,6,5,аренда помещения минск,expand
помещение в аренду минск уручье,6,6,аренда помещения минск,expand
помещение под бизнес,6,0,помещение под бизнес,expand
встроенные помещения жилых домов,6,0,встроенное помещение,expand
встроенные помещения многоквартирного дома,6,0,встроенное помещение,expand
дом со встроенными помещениями,6,0,встроенное помещение,expand
жилой дом со встроенными помещениями,6,0,встроенное помещение,expand
многоквартирный жилой дом со встроенными помещениями,6,0,встроенное помещение,expand
комплекс северный берег минск на карте,6,0,северный берег минск,expand
северный берег минск на карте жилой комплекс,6,6,северный берег минск,expand
жк левада метро,6,6,жк левада,expand
жк левада минск кафе рестораны,6,6,жк левада,expand
минск жк вершина цена купить квартиру,6,0,жк вершина,expand
жк гулливер застройщик,6,1,жк гулливер,expand
детский сад жк уютный,6,1,жк уютный,expand
жк уютный onliner,6,5,жк уютный,expand
жк уютный адрес,6,2,жк уютный,expand
аренда помещения центральный район,6,0,(точечная проверка),freq
аренда помещения шабаны,6,0,(точечная проверка),freq
аренда помещения новая боровая,6,1,(точечная проверка),freq
купить коммерческое помещение в доме,5,0,коммерческое помещение купить,expand
аренда помещения ул коммерческая,5,0,коммерческое помещение аренда,expand
аренда помещения на первом этаже,5,0,помещение первый этаж,expand
купить помещение под кафе,5,1,помещение под кафе,expand
аренда полоцк торговые помещения,5,2,торговое помещение аренда,expand
телефон офис купить,5,0,офис купить,expand
купить 11 офис,5,0,офис купить,expand
купить пылесос для офиса,5,0,офис купить,expand
купить офис в центре москвы,5,2,офис купить,expand
купить офис сайт,5,0,офис купить,expand
купить туалетную бумагу для офиса,5,0,офис купить,expand
офисы продаж купить,5,0,офис купить,expand
купить помещение в вышнем волочке под офис,5,5,офис купить,expand
купить помещение под офис,5,0,офис купить,expand
купить шкаф для офиса,5,0,офис купить,expand
купить аккаунт офис,5,0,офис купить,expand
купить модульный офис,5,1,офис купить,expand
жк в минске новостройки,5,1,новостройки минск,expand
вышелесского минск купить новостройку,5,5,новостройки минск,expand
новостройка минск степана злобина 14 отзывы,5,5,новостройки минск,expand
купить кв в минске новостройка,5,3,новостройки минск,expand
северный берег минск кто застройщик,5,4,застройщик минск,expand
купить у застройщика минск минр метро аэродромная,5,5,застройщик минск,expand
жк гулливер минск застройщик,5,5,застройщик минск,expand
купить квартиру в леваде минск от застройщика,5,5,застройщик минск,expand
а100 застройщик минск купить квартиру,5,5,застройщик минск,expand
купить машиноместо в советском районе минск,5,5,машиноместо купить,expand
куплю машиноместо в подземном,5,0,машиноместо купить,expand
куплю машиноместо в подземном паркинге,5,0,машиноместо купить,expand
купить машиноместо новая боровая,5,0,машиноместо купить,expand
купить гараж машиноместо,5,0,машиноместо купить,expand
долевое строительство коммерческой недвижимости в минске,5,5,коммерческая недвижимость минск,expand
аренда помещения на нестерова в минске,5,5,аренда помещения минск,expand
аренда помещения под шашлычную в минском районе,5,5,аренда помещения минск,expand
аренда помещений в центральном районе минска,5,0,аренда помещения минск,expand
аренда помещений г минск,5,0,аренда помещения минск,expand
отопление нежилых помещений в жилом доме,5,0,нежилое помещение в жилом доме,expand
жк левада нововиленская ул 29 фото,5,5,жк левада,expand
жк левада минск фото,5,3,жк левада,expand
жк левада сайт,5,1,жк левада,expand
жк уютный новоселье купить,5,1,жк уютный,expand
жк уютный планировки,5,0,жк уютный,expand
жк уютный город,5,0,жк уютный,expand
жк андреевский минск отзывы,5,5,жк андреевский,expand
аренда помещения ленинский район,5,1,(точечная проверка),freq
аренда помещения чижовка,5,0,(точечная проверка),freq
аренда помещения лебяжий,5,2,(точечная проверка),freq
помещение под салон красоты минск,5,0,(точечная проверка),freq
аренда помещения под салон красоты минск,5,3,(точечная проверка),freq
сдать коммерческое помещение в аренду,4,0,коммерческое помещение аренда,expand
аренда помещения коммерческого от арендатора,4,0,коммерческое помещение аренда,expand
сдача коммерческих помещений в аренду,4,0,коммерческое помещение аренда,expand
снять помещение под кафе,4,0,помещение под кафе,expand
торговый помещение под аренду,4,0,торговое помещение аренда,expand
майкрософт офис 2021 купить,4,0,офис купить,expand
аптечка в офис купить,4,0,офис купить,expand
бенч системы для офиса купить,4,0,офис купить,expand
купить канцтовары для офиса,4,4,офис купить,expand
купить офис 2016,4,3,офис купить,expand
купить офис склад,4,0,офис купить,expand
майкрософт офис купить лицензию,4,2,офис купить,expand
купить ключ продукта офис,4,0,офис купить,expand
купить продукт офис,4,0,офис купить,expand
лицензия офис 365 купить,4,2,офис купить,expand
майкрософт офис 365 купить,4,0,офис купить,expand
купи билет офис,4,0,офис купить,expand
купить диван в офис недорого,4,4,офис купить,expand
купить майкрософт офис для виндовс 11,4,2,офис купить,expand
купить офис для виндовс 11,4,0,офис купить,expand
купить офис майкрософт 11,4,0,офис купить,expand
северный берег минск сайт застройщика карта,4,4,застройщик минск,expand
купить жилье в минске от застройщика,4,4,застройщик минск,expand
застройщики комплекса минск мир,4,0,застройщик минск,expand
минск мир комплекс квартиры от застройщика,4,0,застройщик минск,expand
минск новостройки от застройщика с ценами,4,1,застройщик минск,expand
застройщик на грушевке минск,4,0,застройщик минск,expand
кладовое помещение купить,4,2,кладовая купить,expand
стеллажи для кладовой купить,4,1,кладовая купить,expand
купить машиноместо в москве,4,0,машиноместо купить,expand
купить машиноместо от застройщика,4,2,машиноместо купить,expand
машиноместа от застройщиков купить,4,0,машиноместо купить,expand
встраиваемые светильники для влажных помещений,4,0,встроенное помещение,expand
встроенный светильник для влажных помещений,4,0,встроенное помещение,expand
встроенными помещениями общественного назначения,4,0,встроенное помещение,expand
потолки встроенных помещений,4,0,встроенное помещение,expand
нежилые помещения в новых домах,4,0,помещение в новом доме,expand
жк левада нововиленская ул 29 отзывы,4,4,жк левада,expand
жк левада снять квартиру,4,2,жк левада,expand
жк уютный купить квартиру от застройщика,4,0,жк уютный,expand
жк уютный 2,4,0,жк уютный,expand
жк уютный новоселье купить квартиру,4,3,жк уютный,expand
жк уютный школа,4,0,жк уютный,expand
купить помещение в жилом доме минск,4,0,(точечная проверка),freq
торговое помещение в жилом доме,4,0,(точечная проверка),freq
купить коммерческую недвижимость от застройщика,3,0,коммерческая недвижимость от застройщика,expand
купить коммерческое помещение в бресте,3,3,коммерческое помещение купить,expand
купить коммерческое помещение в орше,3,3,коммерческое помещение купить,expand
аренда коммерческих помещений гродно,3,0,коммерческое помещение аренда,expand
аренда коммерческой недвижимости помещений,3,0,коммерческое помещение аренда,expand
нежилое помещение первый этаж,3,0,помещение первый этаж,expand
нежилые помещения первого этажа,3,0,помещение первый этаж,expand
помещения на первых этажах жилых домов,3,0,помещение первый этаж,expand
аренда помещения под магазин одежды,3,2,помещение под магазин,expand
ремонт помещение под магазин,3,0,помещение под магазин,expand
сколько стоит помещение под магазин,3,0,помещение под магазин,expand
купить помещение в торговом центре,3,2,торговое помещение купить,expand
аренда торгового помещения собственник,3,0,торговое помещение аренда,expand
купить кабинеты офис,3,0,офис купить,expand
купить офис лофт,3,0,офис купить,expand
ковролин для офиса купить,3,2,офис купить,expand
купить готовый офис,3,0,офис купить,expand
купить маленький офис,3,0,офис купить,expand
одежда для офиса купить,3,0,офис купить,expand
купить офис улица,3,0,офис купить,expand
ноут купить для офиса,3,0,офис купить,expand
кофемашина в офис купить,3,0,офис купить,expand
купить офис в нижнем новгороде,3,0,офис купить,expand
купить офис в новгороде,3,0,офис купить,expand
куплю офис нижний,3,0,офис купить,expand
офис профессиональный купить,3,0,офис купить,expand
контейнера офисы купить,3,0,офис купить,expand
купить дом под офис,3,1,офис купить,expand
купить ключ для офиса 2021,3,0,офис купить,expand
купить ключ майкрософт офис 2021,3,0,офис купить,expand
купить офис бц,3,0,офис купить,expand
купить офис виндовс 10,3,0,офис купить,expand
купить офис этажи,3,0,офис купить,expand
работы в офис купить,3,0,офис купить,expand
где можно купить офис,3,0,офис купить,expand
куплю офис цена,3,0,офис купить,expand
купить виндовс и офис,3,0,офис купить,expand
купить офис в минске недорого,3,2,офис купить,expand
купить офис бессрочный,3,0,офис купить,expand
купить офис майкрософт бессрочно,3,0,офис купить,expand
купить офис майкрософт для виндовс бессрочный,3,0,офис купить,expand
альфа банк купил офис,3,0,офис купить,expand
сдаю помещение свободного назначения,3,0,помещение свободного назначения,expand
купить помещение свободного назначения,3,0,помещение свободного назначения,expand
снять помещение свободного назначения,3,1,помещение свободного назначения,expand
жк коммерческие помещения,3,0,жк коммерческие помещения,expand
коммерческое помещение жк,3,0,жк коммерческие помещения,expand
жк в минске новостройки от застройщика,3,3,застройщик минск,expand
квартиры от застройщика в минске долевое строительство,3,2,застройщик минск,expand
бизнес апартаменты плюсы и минусы,3,2,бизнес апартаменты,expand
можно ли прописаться в бизнес апартаментах,3,0,бизнес апартаменты,expand
апартаменты в бизнес центре,3,0,бизнес апартаменты,expand
апартаменты под бизнес,3,0,бизнес апартаменты,expand
купить кладовую в ипотеку,3,0,кладовая купить,expand
купить кладовую в спб,3,1,кладовая купить,expand
машиноместа москва сити купить,3,0,машиноместо купить,expand
машиноместо москва сити купить,3,0,машиноместо купить,expand
сдам в аренду помещение в минске,3,0,аренда помещения минск,expand
согласование нежилого помещения в жилом доме,3,0,нежилое помещение в жилом доме,expand
строительство встроенных помещений,3,0,встроенное помещение,expand
помещение под аптеку,3,0,помещение под аптеку,expand
помещения под аптеки,3,0,помещение под аптеку,expand
жк левада адрес,3,0,жк левада,expand
жк вершина саратов,3,3,жк вершина,expand
жк вершина уфа,3,0,жк вершина,expand
жк семь вершин,3,0,жк вершина,expand
жк семь вершин уфа,3,3,жк вершина,expand
жк вершина стоимость квартиры,3,0,жк вершина,expand
жк гулливер минск отзывы,3,3,жк гулливер,expand
жк гулливер отзывы,3,0,жк гулливер,expand
жк уютный отделка,3,0,жк уютный,expand
жк уютный снять квартиру,3,2,жк уютный,expand
жк уютный 4,3,0,жк уютный,expand
жк уютный сдача,3,0,жк уютный,expand
жк уютный дом 2,3,0,жк уютный,expand
жк уютный минстрой,3,3,жк уютный,expand
жк уютный омск,3,1,жк уютный,expand
жк андреевский сайт,3,3,жк андреевский,expand
жк андреевский застройщик,3,0,жк андреевский,expand
аренда помещения первомайский район,3,3,(точечная проверка),freq
аренда помещения партизанский район,3,0,(точечная проверка),freq
аренда помещения зеленый луг,3,0,(точечная проверка),freq
аренда помещения боровляны,3,1,(точечная проверка),freq
аренда помещения сокол,3,1,(точечная проверка),freq
аренда помещения под офис минск,3,2,(точечная проверка),freq
помещение под кофейню минск,3,1,(точечная проверка),freq
купить помещение под услуги минск,3,0,(точечная проверка),freq
кредит на коммерческую недвижимость беларусь,3,2,(точечная проверка),freq
можно ли купить нежилое помещение,2,0,нежилое помещение купить,expand
купить нежилое помещение в молодечно,2,2,нежилое помещение купить,expand
авито коммерческие помещения купить,2,0,коммерческое помещение купить,expand
коммерческое помещение купить в кредит новостройка,2,2,коммерческое помещение купить,expand
купить коммерческое помещение в кредит,2,0,коммерческое помещение купить,expand
купить коммерческое помещение в новостройке,2,0,коммерческое помещение купить,expand
договор аренды коммерческого помещения образец,2,0,коммерческое помещение аренда,expand
коммерческие помещения под аренду,2,0,коммерческое помещение аренда,expand
образец коммерческого помещения аренды помещения,2,0,коммерческое помещение аренда,expand
аренда коммерческого помещения самозанятым,2,0,коммерческое помещение аренда,expand
аренда коммерческого помещения физ лицом,2,0,коммерческое помещение аренда,expand
аренда коммерческого помещения этажи,2,0,коммерческое помещение аренда,expand
аренда нежилого коммерческого помещения,2,0,коммерческое помещение аренда,expand
договор аренды коммерческого помещения бланк,2,1,коммерческое помещение аренда,expand
договор аренды коммерческого помещения с физ лицом,2,0,коммерческое помещение аренда,expand
коммерческая недвижимость нежилые помещения аренда,2,0,коммерческое помещение аренда,expand
регистрация договора аренды коммерческого помещения,2,0,коммерческое помещение аренда,expand
аренда коммерческого помещения физическим лицом,2,0,коммерческое помещение аренда,expand
снять в аренду коммерческое помещение,2,0,коммерческое помещение аренда,expand
аренда помещений первый этаж жилого дома,2,0,помещение первый этаж,expand
коммерческие помещения на первом этаже,2,0,помещение первый этаж,expand
первый этаж коммерческое помещение,2,0,помещение первый этаж,expand
как найти помещение в аренду под магазин,2,1,помещение под магазин,expand
найти помещение под магазин,2,0,помещение под магазин,expand
подвальное помещение под магазин,2,0,помещение под магазин,expand
помещение под цветочный магазин,2,0,помещение под магазин,expand
стоимость аренды помещения под кафе,2,1,помещение под кафе,expand
арендовать помещение под кафе,2,0,помещение под кафе,expand
возьму в аренду помещение под кафе,2,0,помещение под кафе,expand
сдача торговых помещений в аренду,2,0,торговое помещение аренда,expand
аренда торговых помещений в слуцке,2,2,торговое помещение аренда,expand
аренда торговых помещений рынок,2,0,торговое помещение аренда,expand
аренда торгового помещения тц,2,0,торговое помещение аренда,expand
аренда помещения свободного назначения в москве,2,0,помещение свободного назначения,expand
помещение свободного назначения в москве,2,0,помещение свободного назначения,expand
помещения свободного назначения спб,2,0,помещение свободного назначения,expand
сдам в аренду помещение свободного назначения,2,0,помещение свободного назначения,expand
помещение свободного назначения маджестик,2,1,помещение свободного назначения,expand
жилье в рассрочку от застройщика минск,2,2,застройщик минск,expand
новостройка в рассрочку от застройщика минск,2,0,застройщик минск,expand
гос застройщики минска,2,0,застройщик минск,expand
бизнес апартаменты в аренду,2,0,бизнес апартаменты,expand
сниму бизнес апартаменты,2,0,бизнес апартаменты,expand
купить кладовую в москве,2,0,кладовая купить,expand
купить кладовую в московском,2,0,кладовая купить,expand
купить кладовую московская область,2,0,кладовая купить,expand
купить машиноместо место,2,0,машиноместо купить,expand
купить машиноместо грибоедова,2,2,машиноместо купить,expand
купить машиноместо на котловане,2,0,машиноместо купить,expand
купить машиноместо на этапе котлована,2,0,машиноместо купить,expand
купить машиноместо цена,2,0,машиноместо купить,expand
купить машиноместо в доме,2,0,машиноместо купить,expand
павелецкая сити купить машиноместо,2,0,машиноместо купить,expand
машиноместо бизнес центр купить,2,0,машиноместо купить,expand
снять коммерческую недвижимость в минске,2,1,коммерческая недвижимость минск,expand
аренда помещения в тц минск,2,0,аренда помещения минск,expand
купить производственное помещение в минском районе,2,2,купить помещение минск,expand
сдать помещение под бизнес,2,0,помещение под бизнес,expand
аренда помещения под бизнес,2,0,помещение под бизнес,expand
налоги нежилых помещений в жилых домах,2,0,нежилое помещение в жилом доме,expand
реконструкция нежилого помещения в жилом доме,2,0,нежилое помещение в жилом доме,expand
нежилое помещение в индивидуальном жилом доме,2,0,нежилое помещение в жилом доме,expand
встроенное помещение это,2,0,встроенное помещение,expand
встроенное пристроенное помещение,2,0,встроенное помещение,expand
встроено пристроенные помещения,2,0,встроенное помещение,expand
огнестойкость встроенных помещений,2,0,встроенное помещение,expand
блок встроенных помещений,2,0,встроенное помещение,expand
встроенное помещение реконструкция,2,0,встроенное помещение,expand
встроенные бытовые помещения,2,0,встроенное помещение,expand
встроенные помещения в общественном здании,2,0,встроенное помещение,expand
встроенные складские помещения,2,0,встроенное помещение,expand
жилые здания со встроенными помещениями,2,0,встроенное помещение,expand
жилые помещения встроенные в общественное здание,2,0,встроенное помещение,expand
здание со встроенными помещениями,2,0,встроенное помещение,expand
снять квартиру жк вершины,2,0,жк вершина,expand
жк вершина домбай,2,0,жк вершина,expand
жк вершина фото,2,0,жк вершина,expand
жк гулливер пермь,2,0,жк гулливер,expand
жк гулливер адрес,2,1,жк гулливер,expand
гулливер жк цена,2,0,жк гулливер,expand
жк уютный фото,2,2,жк уютный,expand
жк уютный где находится,2,1,жк уютный,expand
жк уютный цена квартир,2,0,жк уютный,expand
жк андреевский дом,2,0,жк андреевский,expand
жк андреевский на карте,2,0,жк андреевский,expand
купить помещение центральный район,2,0,(точечная проверка),freq
аренда помещения советский район,2,0,(точечная проверка),freq
аренда помещения грушевка,2,0,(точечная проверка),freq
коммерческая недвижимость копище,2,0,(точечная проверка),freq
купить помещение под кафе минск,2,1,(точечная проверка),freq
помещение под фитнес минск,2,0,(точечная проверка),freq
аренда помещения под фитнес минск,2,0,(точечная проверка),freq
купить помещение под автомойку минск,2,0,(точечная проверка),freq
стрит ритейл,2,1,(точечная проверка),freq
торговое помещение купить минск,2,0,(точечная проверка),freq
коммерческая недвижимость новостройки,1,0,коммерческая недвижимость новостройки,expand
новостройки коммерческая недвижимость,1,0,коммерческая недвижимость новостройки,expand
купить нежилое помещение челябинске,1,0,нежилое помещение купить,expand
купить нежилое помещение краснодар,1,0,нежилое помещение купить,expand
купить нежилое помещение липецк,1,0,нежилое помещение купить,expand
купить коммерческое помещение в екатеринбурге,1,1,коммерческое помещение купить,expand
купить коммерческое помещение в кисловодске,1,1,коммерческое помещение купить,expand
купить коммерческое помещение в челябинске,1,1,коммерческое помещение купить,expand
где купить коммерческое помещение,1,0,коммерческое помещение купить,expand
коммерческое помещение купить краснодар,1,1,коммерческое помещение купить,expand
купить коммерческое помещение на первом этаже,1,0,коммерческое помещение купить,expand
купить коммерческое помещение тюмень,1,1,коммерческое помещение купить,expand
этажи купить коммерческое помещение,1,0,коммерческое помещение купить,expand
договор аренды коммерческого помещения скачать,1,0,коммерческое помещение аренда,expand
скачать образец договора аренды коммерческого помещения,1,1,коммерческое помещение аренда,expand
аренда коммерческого помещения балашиха,1,0,коммерческое помещение аренда,expand
аренда коммерческого помещения московская область,1,0,коммерческое помещение аренда,expand
аренда помещений коммерческих московский,1,0,коммерческое помещение аренда,expand
возьму в аренду коммерческого помещения,1,0,коммерческое помещение аренда,expand
договор аренды коммерческого помещения 2026,1,0,коммерческое помещение аренда,expand
договор аренды коммерческого помещения образец 2026,1,1,коммерческое помещение аренда,expand
самозанятый сдает в аренду коммерческое помещение,1,0,коммерческое помещение аренда,expand
аренда коммерческих помещений в жилых домах,1,0,коммерческое помещение аренда,expand
аренда коммерческих помещений в центр,1,0,коммерческое помещение аренда,expand
аренда коммерческого помещения на первом этаже,1,0,коммерческое помещение аренда,expand
аренда помещения коммерческого назначения,1,1,коммерческое помещение аренда,expand
сдается в аренду коммерческое помещение,1,0,коммерческое помещение аренда,expand
физлицо сдает в аренду коммерческое помещение,1,0,коммерческое помещение аренда,expand
первый этаж подвальное помещение,1,0,помещение первый этаж,expand
сниму помещение на первом этаже,1,0,помещение первый этаж,expand
аренда помещения первый этаж центр,1,0,помещение первый этаж,expand
купить помещение на первом этаже,1,0,помещение первый этаж,expand
купить помещение первый этаж,1,0,помещение первый этаж,expand
нежилое помещение первый этаж общая,1,0,помещение первый этаж,expand
перевести первый этаж в жилое помещение,1,0,помещение первый этаж,expand
перевести первый этаж в нежилое помещение,1,0,помещение первый этаж,expand
перевод первого этажа в нежилое помещение,1,0,помещение первый этаж,expand
помещение под первым этажом,1,0,помещение первый этаж,expand
помещение расположено на первом этаже,1,0,помещение первый этаж,expand
эвакуационный выход из помещений первого этажа,1,0,помещение первый этаж,expand
аренда помещения под магазин москве,1,0,помещение под магазин,expand
помещение под магазин пиво,1,0,помещение под магазин,expand
помещения под магазин москва,1,0,помещение под магазин,expand
продается помещение под магазин,1,0,помещение под магазин,expand
красно белое аренда помещений под магазин требования,1,1,помещение под магазин,expand
красное белое аренда помещений под магазин,1,0,помещение под магазин,expand
купить помещение под магазин,1,0,помещение под магазин,expand
помещение под магазин требования,1,0,помещение под магазин,expand
арендовать помещение под магазин,1,0,помещение под магазин,expand
недвижимость помещение под магазин,1,0,помещение под магазин,expand
помещение под магазин в собственность,1,0,помещение под магазин,expand
помещение под магазин продажа,1,0,помещение под магазин,expand
помещение под магазин продуктов,1,0,помещение под магазин,expand
сдам помещение под магазин,1,0,помещение под магазин,expand
собственник помещения под аренду магазина,1,0,помещение под магазин,expand
торговли помещения под магазин,1,0,помещение под магазин,expand
аренда помещений под цветочный магазин,1,0,помещение под магазин,expand
аренда торгового помещения под магазин,1,0,помещение под магазин,expand
снять в аренду помещение под цветочный магазин,1,1,помещение под магазин,expand
снять помещение под цветочный магазин,1,0,помещение под магазин,expand
снять помещение аренда под кафе,1,0,помещение под кафе,expand
помещение под столовую кафе,1,0,помещение под кафе,expand
аренда помещений под кафе ресторан,1,0,помещение под кафе,expand
помещения под кафе ресторан,1,0,помещение под кафе,expand
снять помещение под кафе минск,1,1,помещение под кафе,expand
купить торговое помещение в спб,1,1,торговое помещение купить,expand
купить торговое помещение в москве,1,0,торговое помещение купить,expand
купить торговое помещение в минске,1,1,торговое помещение купить,expand
аренда торговых помещений в доме,1,0,торговое помещение аренда,expand
аренда торговых помещений г,1,0,торговое помещение аренда,expand
аренда торговых помещений в гомеле,1,1,торговое помещение аренда,expand
аренда метров в торговых помещениях,1,0,торговое помещение аренда,expand
аренда продажа торговых помещений,1,0,торговое помещение аренда,expand
аренда торгового помещения в бизнес,1,0,торговое помещение аренда,expand
аренда торгового помещения цена,1,0,торговое помещение аренда,expand
объявления аренда торговых помещений,1,0,торговое помещение аренда,expand
снять помещение под торговую аренду,1,0,торговое помещение аренда,expand
стоимость аренды торговое помещение,1,0,торговое помещение аренда,expand
аренда торговая помещения магазин,1,0,торговое помещение аренда,expand
аренда торговые помещения город,1,0,торговое помещение аренда,expand
аренда помещения свободного назначения в спб,1,0,помещение свободного назначения,expand
купить помещение свободного назначения в спб,1,1,помещение свободного назначения,expand
что значит помещение свободного назначения,1,1,помещение свободного назначения,expand
а100 застройщик минск официальный сайт,1,1,застройщик минск,expand
лучшие застройщики минска,1,0,застройщик минск,expand
бизнес апартаменты москва,1,0,бизнес апартаменты,expand
кладовая в новостройке купить в москве,1,0,кладовая купить,expand
кладовой помещение москва купить,1,0,кладовая купить,expand
кладовые помещения в новостройках купить,1,0,кладовая купить,expand
кладовые помещения купить в москве новостройках,1,0,кладовая купить,expand
купить кладовую в новостройке,1,0,кладовая купить,expand
купить кладовую в пензе,1,0,кладовая купить,expand
жк купить кладовую,1,0,кладовая купить,expand
бриллиантовая кладовая купить билет,1,0,кладовая купить,expand
бриллиантовая кладовая эрмитажа купить билет,1,1,кладовая купить,expand
кладовая эрмитажа купить билет,1,0,кладовая купить,expand
эрмитаж бриллиантовая кладовая купить,1,0,кладовая купить,expand
волжский парк машиноместо купить,1,0,машиноместо купить,expand
жуковский купить машиноместо,1,0,машиноместо купить,expand
купить машиноместо в жк в москве,1,0,машиноместо купить,expand
купить машиноместо в жк волжский парк,1,1,машиноместо купить,expand
купить машиноместо в жк хедлайнер,1,0,машиноместо купить,expand
купить машиноместо в ипотеку,1,0,машиноместо купить,expand
купить машиноместо в строящемся паркинге,1,0,машиноместо купить,expand
купить строящееся машиноместо,1,0,машиноместо купить,expand
машиноместо в митино купить,1,1,машиноместо купить,expand
можно купить машиноместо в ипотеку,1,0,машиноместо купить,expand
можно ли купить машиноместо,1,0,машиноместо купить,expand
можно ли купить машиноместо в ипотеку,1,1,машиноместо купить,expand
оформить куплю продажу машиноместа,1,0,машиноместо купить,expand
строящиеся машиноместа купить,1,0,машиноместо купить,expand
брусника машиноместо купить,1,0,машиноместо купить,expand
купить машиноместо октябрьская,1,0,машиноместо купить,expand
купить машиноместо поклонная 9,1,1,машиноместо купить,expand
купить машиноместо северный,1,0,машиноместо купить,expand
как правильно купить машиноместо,1,1,машиноместо купить,expand
москва купить машиноместо застройщика,1,0,машиноместо купить,expand
сити бей купить машиноместо,1,0,машиноместо купить,expand
аренда помещений под бизнес москва,1,0,помещение под бизнес,expand
москва помещение под бизнес,1,0,помещение под бизнес,expand
помещение под малый бизнес,1,0,помещение под бизнес,expand
сдам в аренду помещение под бизнес,1,0,помещение под бизнес,expand
сдам в аренду помещение под бизнес москва,1,0,помещение под бизнес,expand
снять помещение под бизнес,1,0,помещение под бизнес,expand
цена помещение под бизнес,1,0,помещение под бизнес,expand
нежилые помещения в жилом доме требования,1,0,нежилое помещение в жилом доме,expand
нежилое помещение в жилом доме ограничения,1,0,нежилое помещение в жилом доме,expand
размещение нежилых помещений в жилых домах,1,0,нежилое помещение в жилом доме,expand
использование нежилых помещений в жилых домах,1,0,нежилое помещение в жилом доме,expand
назначение нежилых помещений в жилых домах,1,0,нежилое помещение в жилом доме,expand
нежилое помещение в составе жилого дома,1,0,нежилое помещение в жилом доме,expand
перевод нежилого помещения в жилое дом,1,0,нежилое помещение в жилом доме,expand
стоимость нежилых помещений в жилом доме,1,0,нежилое помещение в жилом доме,expand
строительство нежилых помещений в жилом доме,1,0,нежилое помещение в жилом доме,expand
встроенное помещение магазина,1,0,встроенное помещение,expand
проект встроенного помещения,1,0,встроенное помещение,expand
проектно встроенное помещение,1,0,встроенное помещение,expand
встроенном нежилом помещении,1,0,встроенное помещение,expand
встроенные общественные помещения в многоквартирном доме,1,0,встроенное помещение,expand
дома со встроенными помещениями общественного назначения,1,0,встроенное помещение,expand
общественные помещения встроенные в жилые дома,1,0,встроенное помещение,expand
аренда встроенных помещений,1,0,встроенное помещение,expand
аренда помещения под аптеку,1,0,помещение под аптеку,expand
помещение под аптеку требования,1,0,помещение под аптеку,expand
снимем помещение под аптеку,1,0,помещение под аптеку,expand
сниму помещение в аренду под аптеку,1,0,помещение под аптеку,expand
жк левада калининград,1,0,жк левада,expand
жк левада калининград официальный,1,0,жк левада,expand
жк левада калининград официальный сайт,1,1,жк левада,expand
сайт жк левада калининград,1,0,жк левада,expand
жк вершина аренда квартир,1,1,жк вершина,expand
жк вершина планировки,1,1,жк вершина,expand
жк гулливер на карте,1,1,жк гулливер,expand
жк гулливер планировки,1,0,жк гулливер,expand
жк гулливер фото,1,0,жк гулливер,expand
жк уютный 2 минск,1,1,жк уютный,expand
жк уютный квартал,1,0,жк уютный,expand
жк уютный продажа квартир,1,1,жк уютный,expand
жк уютный новоселье застройщик,1,0,жк уютный,expand
жк уютный новоселье купить квартиру от застройщика,1,1,жк уютный,expand
жк уютный новоселье спб,1,1,жк уютный,expand
жк уютный спб,1,0,жк уютный,expand
жк уютный 3,1,0,жк уютный,expand
жк уютный кореиз,1,0,жк уютный,expand
жк уютный официальный,1,0,жк уютный,expand
жк уютный официальный сайт,1,0,жк уютный,expand
жк уютный сайт,1,0,жк уютный,expand
жк уютный 1,1,0,жк уютный,expand
жк гранд кристалл минск купить квартиру,1,1,жк кристалл минск,expand
купить помещение советский район,1,0,(точечная проверка),freq
купить помещение московский район,1,0,(точечная проверка),freq
купить помещение фрунзенский район,1,0,(точечная проверка),freq
купить помещение лошица,1,0,(точечная проверка),freq
коммерческая недвижимость лошица,1,0,(точечная проверка),freq
купить помещение сухарево,1,0,(точечная проверка),freq
купить помещение малиновка,1,0,(точечная проверка),freq
коммерческая недвижимость грушевка,1,0,(точечная проверка),freq
аренда помещения копище,1,1,(точечная проверка),freq
аренда помещения масюковщина,1,0,(точечная проверка),freq
купить помещение северный берег,1,0,(точечная проверка),freq
коммерческая недвижимость степянка,1,0,(точечная проверка),freq
купить помещение под магазин минск,1,0,(точечная проверка),freq
помещение под аптеку минск,1,0,(точечная проверка),freq
аренда помещения под кофейню минск,1,0,(точечная проверка),freq
купить помещение под кофейню минск,1,0,(точечная проверка),freq
купить помещение под общепит минск,1,1,(точечная проверка),freq
помещение под медицинский центр минск,1,0,(точечная проверка),freq
помещение на первом этаже жилого дома минск,1,0,(точечная проверка),freq
аренда помещения в жк минск,1,0,(точечная проверка),freq
купить арендный бизнес,1,0,(точечная проверка),freq
налог на коммерческую недвижимость рб,1,0,(точечная проверка),freq
долевое строительство нежилого помещения,0,0,долевое строительство нежилого помещения,expand
коммерческое помещение в рассрочку,0,0,коммерческое помещение в рассрочку,expand
купить помещение первомайский район,0,0,(точечная проверка),freq
купить помещение партизанский район,0,0,(точечная проверка),freq
купить помещение ленинский район,0,0,(точечная проверка),freq
купить помещение октябрьский район,0,0,(точечная проверка),freq
купить помещение каменная горка,0,0,(точечная проверка),freq
коммерческая недвижимость каменная горка,0,0,(точечная проверка),freq
коммерческая недвижимость сухарево,0,0,(точечная проверка),freq
коммерческая недвижимость малиновка,0,0,(точечная проверка),freq
купить помещение серебрянка,0,0,(точечная проверка),freq
коммерческая недвижимость серебрянка,0,0,(точечная проверка),freq
купить помещение зеленый луг,0,0,(точечная проверка),freq
коммерческая недвижимость зеленый луг,0,0,(точечная проверка),freq
купить помещение шабаны,0,0,(точечная проверка),freq
коммерческая недвижимость шабаны,0,0,(точечная проверка),freq
купить помещение чижовка,0,0,(точечная проверка),freq
коммерческая недвижимость чижовка,0,0,(точечная проверка),freq
купить помещение грушевка,0,0,(точечная проверка),freq
купить помещение копище,0,0,(точечная проверка),freq
купить помещение боровляны,0,0,(точечная проверка),freq
коммерческая недвижимость боровляны,0,0,(точечная проверка),freq
купить помещение лебяжий,0,0,(точечная проверка),freq
коммерческая недвижимость лебяжий,0,0,(точечная проверка),freq
купить помещение масюковщина,0,0,(точечная проверка),freq
коммерческая недвижимость масюковщина,0,0,(точечная проверка),freq
купить помещение сокол,0,0,(точечная проверка),freq
коммерческая недвижимость сокол,0,0,(точечная проверка),freq
купить помещение новая боровая,0,0,(точечная проверка),freq
коммерческая недвижимость новая боровая,0,0,(точечная проверка),freq
аренда помещения дрожжино,0,0,(точечная проверка),freq
купить помещение дрожжино,0,0,(точечная проверка),freq
коммерческая недвижимость дрожжино,0,0,(точечная проверка),freq
аренда помещения степянка,0,0,(точечная проверка),freq
купить помещение степянка,0,0,(точечная проверка),freq
купить помещение под салон красоты минск,0,0,(точечная проверка),freq
аренда помещения под аптеку минск,0,0,(точечная проверка),freq
купить помещение под аптеку минск,0,0,(точечная проверка),freq
купить помещение под офис минск,0,0,(точечная проверка),freq
помещение под стоматологию минск,0,0,(точечная проверка),freq
аренда помещения под стоматологию минск,0,0,(точечная проверка),freq
купить помещение под стоматологию минск,0,0,(точечная проверка),freq
помещение под пункт выдачи минск,0,0,(точечная проверка),freq
аренда помещения под пункт выдачи минск,0,0,(точечная проверка),freq
купить помещение под пункт выдачи минск,0,0,(точечная проверка),freq
помещение под детский центр минск,0,0,(точечная проверка),freq
аренда помещения под детский центр минск,0,0,(точечная проверка),freq
купить помещение под детский центр минск,0,0,(точечная проверка),freq
купить помещение под фитнес минск,0,0,(точечная проверка),freq
помещение под барбершоп минск,0,0,(точечная проверка),freq
аренда помещения под барбершоп минск,0,0,(точечная проверка),freq
купить помещение под барбершоп минск,0,0,(точечная проверка),freq
помещение под пекарню минск,0,0,(точечная проверка),freq
аренда помещения под пекарню минск,0,0,(точечная проверка),freq
купить помещение под пекарню минск,0,0,(точечная проверка),freq
помещение под ветклинику минск,0,0,(точечная проверка),freq
аренда помещения под ветклинику минск,0,0,(точечная проверка),freq
купить помещение под ветклинику минск,0,0,(точечная проверка),freq
помещение под продуктовый магазин минск,0,0,(точечная проверка),freq
аренда помещения под продуктовый магазин минск,0,0,(точечная проверка),freq
купить помещение под продуктовый магазин минск,0,0,(точечная проверка),freq
аренда помещения под медицинский центр минск,0,0,(точечная проверка),freq
купить помещение под медицинский центр минск,0,0,(точечная проверка),freq
купить помещение под склад минск,0,0,(точечная проверка),freq
аренда помещения в жилом доме минск,0,0,(точечная проверка),freq
помещение в новостройке минск,0,0,(точечная проверка),freq
коммерческое помещение в новостройке минск,0,0,(точечная проверка),freq
коммерческие помещения в жк минск,0,0,(точечная проверка),freq
купить коммерческое помещение в жк,0,0,(точечная проверка),freq
готовый арендный бизнес минск,0,0,(точечная проверка),freq
арендный бизнес минск,0,0,(точечная проверка),freq
помещение с арендатором минск,0,0,(точечная проверка),freq
окупаемость коммерческой недвижимости,0,0,(точечная проверка),freq
инвестиции в коммерческую недвижимость минск,0,0,(точечная проверка),freq
стрит ритейл минск,0,0,(точечная проверка),freq
street retail минск,0,0,(точечная проверка),freq
нежилое помещение в новостройке,0,0,(точечная проверка),freq
дольщик коммерческое помещение,0,0,(точечная проверка),freq
договор создания объекта долевого строительства нежилое помещение,0,0,(точечная проверка),freq
перевод квартиры в нежилое минск,0,0,(точечная проверка),freq
перевод жилого в нежилое минск,0,0,(точечная проверка),freq
ндс при покупке коммерческой недвижимости,0,0,(точечная проверка),freq
лизинг коммерческой недвижимости беларусь,0,0,(точечная проверка),freq
купить офис в новостройке минск,0,0,(точечная проверка),freq
