77vorota.ru	https://77vorota.ru
agoracompany.ru	https://agoracompany.ru
aviastal.ru	https://aviastal.ru
bolt.msk.ru	https://bolt.msk.ru
deartio.moscow	https://deartio.moscow/page/plintus-optom?utm_referrer=https%3A%2F%2Fwww.google.com%2F
decomaster.su	https://decomaster.su
diora.pro	https://diora.pro/
domcomfort.ru	https://www.domcomfort.ru
dstroym.ru	https://dstroym.ru
enix.ru	https://enix.ru/categorija/stroitelnye-materialy
globusceramica.ru	https://www.globusceramica.ru
grouppartner.ru	https://grouppartner.ru
homutoff.pro	https://homutoff.pro
i-bs.ru	https://i-bs.ru
kamenevgroup.com	https://kamenevgroup.com
keosvet.ru	https://keosvet.ru/
knauf.ru	https://www.knauf.ru/
lunda.ru	https://lunda.ru
masterkley.ru	https://masterkley.ru
mc.ru	https://mc.ru
mck.by	https://mck.by
metpromintex.ru	https://metpromintex.ru
migran.su	https://migran.su
msk.gtv-meridian.ru	https://msk.gtv-meridian.ru
paroc-msk.ru	https://paroc-msk.ru
pkf-m.ru	https://pkf-m.ru
promelvent.ru	https://promelvent.ru
santech.ru	https://www.santech.ru/
sloros.ru	https://sloros.ru
tdkomfort.ru	https://tdkomfort.ru
verda-m.ru	https://verda-m.ru
videoglaz.ru	https://videoglaz.ru
virent.ru	https://virent.ru
viropt.ru	https://viropt.ru
vorota-group.ru	https://vorota-group.ru
welteks.ru	https://welteks.ru/
xn-----6kcgl0al5aydhx.xn--p1ai	https://xn-----6kcgl0al5aydhx.xn--p1ai
cedrus.market	https://cedrus.market/optovie-postavki/
mmk-metiz.ru	https://mmk-metiz.ru
mr-profile.ru	https://mr-profile.ru
